,pokemon,name,types,type2
0,bulbasaur,Bulbasaur,Grass,Poison
1,ivysaur,Ivysaur,Grass,Poison
2,venusaur,Venusaur,Grass,Poison
5,charmander,Charmander,Fire,
6,charmeleon,Charmeleon,Fire,
7,charizard,Charizard,Fire,Flying
11,squirtle,Squirtle,Water,
12,wartortle,Wartortle,Water,
13,blastoise,Blastoise,Water,
16,caterpie,Caterpie,Bug,
17,metapod,Metapod,Bug,
18,butterfree,Butterfree,Bug,Flying
20,weedle,Weedle,Bug,Poison
21,kakuna,Kakuna,Bug,Poison
22,beedrill,Beedrill,Bug,Poison
24,pidgey,Pidgey,Normal,Flying
25,pidgeotto,Pidgeotto,Normal,Flying
26,pidgeot,Pidgeot,Normal,Flying
28,rattata,Rattata,Normal,
29,rattataalola,Rattata-Alola,Dark,Normal
30,raticate,Raticate,Normal,
31,raticatealola,Raticate-Alola,Dark,Normal
32,raticatealolatotem,Raticate-Alola-Totem,Dark,Normal
33,spearow,Spearow,Normal,Flying
34,fearow,Fearow,Normal,Flying
35,ekans,Ekans,Poison,
36,arbok,Arbok,Poison,
37,pikachu,Pikachu,Electric,
38,pikachucosplay,Pikachu-Cosplay,Electric,
39,pikachurockstar,Pikachu-Rock-Star,Electric,
40,pikachubelle,Pikachu-Belle,Electric,
41,pikachupopstar,Pikachu-Pop-Star,Electric,
42,pikachuphd,Pikachu-PhD,Electric,
43,pikachulibre,Pikachu-Libre,Electric,
44,pikachuoriginal,Pikachu-Original,Electric,
45,pikachuhoenn,Pikachu-Hoenn,Electric,
46,pikachusinnoh,Pikachu-Sinnoh,Electric,
47,pikachuunova,Pikachu-Unova,Electric,
48,pikachukalos,Pikachu-Kalos,Electric,
49,pikachualola,Pikachu-Alola,Electric,
50,pikachupartner,Pikachu-Partner,Electric,
51,pikachustarter,Pikachu-Starter,Electric,
53,pikachuworld,Pikachu-World,Electric,
54,raichu,Raichu,Electric,
55,raichualola,Raichu-Alola,Electric,Psychic
56,sandshrew,Sandshrew,Ground,
57,sandshrewalola,Sandshrew-Alola,Ice,Steel
58,sandslash,Sandslash,Ground,
59,sandslashalola,Sandslash-Alola,Ice,Steel
60,nidoranf,Nidoran-F,Poison,
61,nidorina,Nidorina,Poison,
62,nidoqueen,Nidoqueen,Poison,Ground
63,nidoranm,Nidoran-M,Poison,
64,nidorino,Nidorino,Poison,
65,nidoking,Nidoking,Poison,Ground
66,clefairy,Clefairy,Fairy,
67,clefable,Clefable,Fairy,
68,vulpix,Vulpix,Fire,
69,vulpixalola,Vulpix-Alola,Ice,
70,ninetales,Ninetales,Fire,
71,ninetalesalola,Ninetales-Alola,Ice,Fairy
72,jigglypuff,Jigglypuff,Normal,Fairy
73,wigglytuff,Wigglytuff,Normal,Fairy
74,zubat,Zubat,Poison,Flying
75,golbat,Golbat,Poison,Flying
76,oddish,Oddish,Grass,Poison
77,gloom,Gloom,Grass,Poison
78,vileplume,Vileplume,Grass,Poison
79,paras,Paras,Bug,Grass
80,parasect,Parasect,Bug,Grass
81,venonat,Venonat,Bug,Poison
82,venomoth,Venomoth,Bug,Poison
83,diglett,Diglett,Ground,
84,diglettalola,Diglett-Alola,Ground,Steel
85,dugtrio,Dugtrio,Ground,
86,dugtrioalola,Dugtrio-Alola,Ground,Steel
87,meowth,Meowth,Normal,
88,meowthalola,Meowth-Alola,Dark,
89,meowthgalar,Meowth-Galar,Steel,
91,persian,Persian,Normal,
92,persianalola,Persian-Alola,Dark,
93,psyduck,Psyduck,Water,
94,golduck,Golduck,Water,
95,mankey,Mankey,Fighting,
96,primeape,Primeape,Fighting,
97,growlithe,Growlithe,Fire,
98,arcanine,Arcanine,Fire,
99,poliwag,Poliwag,Water,
100,poliwhirl,Poliwhirl,Water,
101,poliwrath,Poliwrath,Water,Fighting
102,abra,Abra,Psychic,
103,kadabra,Kadabra,Psychic,
104,alakazam,Alakazam,Psychic,
106,machop,Machop,Fighting,
107,machoke,Machoke,Fighting,
108,machamp,Machamp,Fighting,
110,bellsprout,Bellsprout,Grass,Poison
111,weepinbell,Weepinbell,Grass,Poison
112,victreebel,Victreebel,Grass,Poison
113,tentacool,Tentacool,Water,Poison
114,tentacruel,Tentacruel,Water,Poison
115,geodude,Geodude,Rock,Ground
116,geodudealola,Geodude-Alola,Rock,Electric
117,graveler,Graveler,Rock,Ground
118,graveleralola,Graveler-Alola,Rock,Electric
119,golem,Golem,Rock,Ground
120,golemalola,Golem-Alola,Rock,Electric
121,ponyta,Ponyta,Fire,
122,ponytagalar,Ponyta-Galar,Psychic,
123,rapidash,Rapidash,Fire,
124,rapidashgalar,Rapidash-Galar,Psychic,Fairy
125,slowpoke,Slowpoke,Water,Psychic
126,slowpokegalar,Slowpoke-Galar,Psychic,
127,slowbro,Slowbro,Water,Psychic
129,slowbrogalar,Slowbro-Galar,Poison,Psychic
130,magnemite,Magnemite,Electric,Steel
131,magneton,Magneton,Electric,Steel
132,farfetchd,Farfetch’d,Normal,Flying
133,farfetchdgalar,Farfetch’d-Galar,Fighting,
134,doduo,Doduo,Normal,Flying
135,dodrio,Dodrio,Normal,Flying
136,seel,Seel,Water,
137,dewgong,Dewgong,Water,Ice
138,grimer,Grimer,Poison,
139,grimeralola,Grimer-Alola,Poison,Dark
140,muk,Muk,Poison,
141,mukalola,Muk-Alola,Poison,Dark
142,shellder,Shellder,Water,
143,cloyster,Cloyster,Water,Ice
144,gastly,Gastly,Ghost,Poison
145,haunter,Haunter,Ghost,Poison
146,gengar,Gengar,Ghost,Poison
149,onix,Onix,Rock,Ground
150,drowzee,Drowzee,Psychic,
151,hypno,Hypno,Psychic,
152,krabby,Krabby,Water,
153,kingler,Kingler,Water,
155,voltorb,Voltorb,Electric,
156,electrode,Electrode,Electric,
157,exeggcute,Exeggcute,Grass,Psychic
158,exeggutor,Exeggutor,Grass,Psychic
159,exeggutoralola,Exeggutor-Alola,Grass,Dragon
160,cubone,Cubone,Ground,
161,marowak,Marowak,Ground,
162,marowakalola,Marowak-Alola,Fire,Ghost
163,marowakalolatotem,Marowak-Alola-Totem,Fire,Ghost
164,hitmonlee,Hitmonlee,Fighting,
165,hitmonchan,Hitmonchan,Fighting,
166,lickitung,Lickitung,Normal,
167,koffing,Koffing,Poison,
168,weezing,Weezing,Poison,
169,weezinggalar,Weezing-Galar,Poison,Fairy
170,rhyhorn,Rhyhorn,Ground,Rock
171,rhydon,Rhydon,Ground,Rock
172,chansey,Chansey,Normal,
173,tangela,Tangela,Grass,
174,kangaskhan,Kangaskhan,Normal,
176,horsea,Horsea,Water,
177,seadra,Seadra,Water,
178,goldeen,Goldeen,Water,
179,seaking,Seaking,Water,
180,staryu,Staryu,Water,
181,starmie,Starmie,Water,Psychic
182,mrmime,Mr. Mime,Psychic,Fairy
183,mrmimegalar,Mr. Mime-Galar,Ice,Psychic
184,scyther,Scyther,Bug,Flying
185,jynx,Jynx,Ice,Psychic
186,electabuzz,Electabuzz,Electric,
187,magmar,Magmar,Fire,
188,pinsir,Pinsir,Bug,
190,tauros,Tauros,Normal,
191,magikarp,Magikarp,Water,
192,gyarados,Gyarados,Water,Flying
194,lapras,Lapras,Water,Ice
196,ditto,Ditto,Normal,
197,eevee,Eevee,Normal,
198,eeveestarter,Eevee-Starter,Normal,
200,vaporeon,Vaporeon,Water,
201,jolteon,Jolteon,Electric,
202,flareon,Flareon,Fire,
203,porygon,Porygon,Normal,
204,omanyte,Omanyte,Rock,Water
205,omastar,Omastar,Rock,Water
206,kabuto,Kabuto,Rock,Water
207,kabutops,Kabutops,Rock,Water
208,aerodactyl,Aerodactyl,Rock,Flying
210,snorlax,Snorlax,Normal,
212,articuno,Articuno,Ice,Flying
213,articunogalar,Articuno-Galar,Psychic,Flying
214,zapdos,Zapdos,Electric,Flying
215,zapdosgalar,Zapdos-Galar,Fighting,Flying
216,moltres,Moltres,Fire,Flying
217,moltresgalar,Moltres-Galar,Dark,Flying
218,dratini,Dratini,Dragon,
219,dragonair,Dragonair,Dragon,
220,dragonite,Dragonite,Dragon,Flying
221,mewtwo,Mewtwo,Psychic,
224,mew,Mew,Psychic,
225,chikorita,Chikorita,Grass,
226,bayleef,Bayleef,Grass,
227,meganium,Meganium,Grass,
228,cyndaquil,Cyndaquil,Fire,
229,quilava,Quilava,Fire,
230,typhlosion,Typhlosion,Fire,
231,totodile,Totodile,Water,
232,croconaw,Croconaw,Water,
233,feraligatr,Feraligatr,Water,
234,sentret,Sentret,Normal,
235,furret,Furret,Normal,
236,hoothoot,Hoothoot,Normal,Flying
237,noctowl,Noctowl,Normal,Flying
238,ledyba,Ledyba,Bug,Flying
239,ledian,Ledian,Bug,Flying
240,spinarak,Spinarak,Bug,Poison
241,ariados,Ariados,Bug,Poison
242,crobat,Crobat,Poison,Flying
243,chinchou,Chinchou,Water,Electric
244,lanturn,Lanturn,Water,Electric
245,pichu,Pichu,Electric,
246,pichuspikyeared,Pichu-Spiky-eared,Electric,
247,cleffa,Cleffa,Fairy,
248,igglybuff,Igglybuff,Normal,Fairy
249,togepi,Togepi,Fairy,
250,togetic,Togetic,Fairy,Flying
251,natu,Natu,Psychic,Flying
252,xatu,Xatu,Psychic,Flying
253,mareep,Mareep,Electric,
254,flaaffy,Flaaffy,Electric,
255,ampharos,Ampharos,Electric,
257,bellossom,Bellossom,Grass,
258,marill,Marill,Water,Fairy
259,azumarill,Azumarill,Water,Fairy
260,sudowoodo,Sudowoodo,Rock,
261,politoed,Politoed,Water,
262,hoppip,Hoppip,Grass,Flying
263,skiploom,Skiploom,Grass,Flying
264,jumpluff,Jumpluff,Grass,Flying
265,aipom,Aipom,Normal,
266,sunkern,Sunkern,Grass,
267,sunflora,Sunflora,Grass,
268,yanma,Yanma,Bug,Flying
269,wooper,Wooper,Water,Ground
270,quagsire,Quagsire,Water,Ground
271,espeon,Espeon,Psychic,
272,umbreon,Umbreon,Dark,
273,murkrow,Murkrow,Dark,Flying
274,slowking,Slowking,Water,Psychic
275,slowkinggalar,Slowking-Galar,Poison,Psychic
276,misdreavus,Misdreavus,Ghost,
277,unown,Unown,Psychic,
278,wobbuffet,Wobbuffet,Psychic,
279,girafarig,Girafarig,Normal,Psychic
280,pineco,Pineco,Bug,
281,forretress,Forretress,Bug,Steel
282,dunsparce,Dunsparce,Normal,
283,gligar,Gligar,Ground,Flying
284,steelix,Steelix,Steel,Ground
286,snubbull,Snubbull,Fairy,
287,granbull,Granbull,Fairy,
288,qwilfish,Qwilfish,Water,Poison
289,scizor,Scizor,Bug,Steel
291,shuckle,Shuckle,Bug,Rock
292,heracross,Heracross,Bug,Fighting
294,sneasel,Sneasel,Dark,Ice
295,teddiursa,Teddiursa,Normal,
296,ursaring,Ursaring,Normal,
297,slugma,Slugma,Fire,
298,magcargo,Magcargo,Fire,Rock
299,swinub,Swinub,Ice,Ground
300,piloswine,Piloswine,Ice,Ground
301,corsola,Corsola,Water,Rock
302,corsolagalar,Corsola-Galar,Ghost,
303,remoraid,Remoraid,Water,
304,octillery,Octillery,Water,
305,delibird,Delibird,Ice,Flying
306,mantine,Mantine,Water,Flying
307,skarmory,Skarmory,Steel,Flying
308,houndour,Houndour,Dark,Fire
309,houndoom,Houndoom,Dark,Fire
311,kingdra,Kingdra,Water,Dragon
312,phanpy,Phanpy,Ground,
313,donphan,Donphan,Ground,
314,porygon2,Porygon2,Normal,
315,stantler,Stantler,Normal,
316,smeargle,Smeargle,Normal,
317,tyrogue,Tyrogue,Fighting,
318,hitmontop,Hitmontop,Fighting,
319,smoochum,Smoochum,Ice,Psychic
320,elekid,Elekid,Electric,
321,magby,Magby,Fire,
322,miltank,Miltank,Normal,
323,blissey,Blissey,Normal,
324,raikou,Raikou,Electric,
325,entei,Entei,Fire,
326,suicune,Suicune,Water,
327,larvitar,Larvitar,Rock,Ground
328,pupitar,Pupitar,Rock,Ground
329,tyranitar,Tyranitar,Rock,Dark
331,lugia,Lugia,Psychic,Flying
332,hooh,Ho-Oh,Fire,Flying
333,celebi,Celebi,Psychic,Grass
334,treecko,Treecko,Grass,
335,grovyle,Grovyle,Grass,
336,sceptile,Sceptile,Grass,
338,torchic,Torchic,Fire,
339,combusken,Combusken,Fire,Fighting
340,blaziken,Blaziken,Fire,Fighting
342,mudkip,Mudkip,Water,
343,marshtomp,Marshtomp,Water,Ground
344,swampert,Swampert,Water,Ground
346,poochyena,Poochyena,Dark,
347,mightyena,Mightyena,Dark,
348,zigzagoon,Zigzagoon,Normal,
349,zigzagoongalar,Zigzagoon-Galar,Dark,Normal
350,linoone,Linoone,Normal,
351,linoonegalar,Linoone-Galar,Dark,Normal
352,wurmple,Wurmple,Bug,
353,silcoon,Silcoon,Bug,
354,beautifly,Beautifly,Bug,Flying
355,cascoon,Cascoon,Bug,
356,dustox,Dustox,Bug,Poison
357,lotad,Lotad,Water,Grass
358,lombre,Lombre,Water,Grass
359,ludicolo,Ludicolo,Water,Grass
360,seedot,Seedot,Grass,
361,nuzleaf,Nuzleaf,Grass,Dark
362,shiftry,Shiftry,Grass,Dark
363,taillow,Taillow,Normal,Flying
364,swellow,Swellow,Normal,Flying
365,wingull,Wingull,Water,Flying
366,pelipper,Pelipper,Water,Flying
367,ralts,Ralts,Psychic,Fairy
368,kirlia,Kirlia,Psychic,Fairy
369,gardevoir,Gardevoir,Psychic,Fairy
371,surskit,Surskit,Bug,Water
372,masquerain,Masquerain,Bug,Flying
373,shroomish,Shroomish,Grass,
374,breloom,Breloom,Grass,Fighting
375,slakoth,Slakoth,Normal,
376,vigoroth,Vigoroth,Normal,
377,slaking,Slaking,Normal,
378,nincada,Nincada,Bug,Ground
379,ninjask,Ninjask,Bug,Flying
380,shedinja,Shedinja,Bug,Ghost
381,whismur,Whismur,Normal,
382,loudred,Loudred,Normal,
383,exploud,Exploud,Normal,
384,makuhita,Makuhita,Fighting,
385,hariyama,Hariyama,Fighting,
386,azurill,Azurill,Normal,Fairy
387,nosepass,Nosepass,Rock,
388,skitty,Skitty,Normal,
389,delcatty,Delcatty,Normal,
390,sableye,Sableye,Dark,Ghost
392,mawile,Mawile,Steel,Fairy
394,aron,Aron,Steel,Rock
395,lairon,Lairon,Steel,Rock
396,aggron,Aggron,Steel,Rock
398,meditite,Meditite,Fighting,Psychic
399,medicham,Medicham,Fighting,Psychic
401,electrike,Electrike,Electric,
402,manectric,Manectric,Electric,
404,plusle,Plusle,Electric,
405,minun,Minun,Electric,
406,volbeat,Volbeat,Bug,
407,illumise,Illumise,Bug,
408,roselia,Roselia,Grass,Poison
409,gulpin,Gulpin,Poison,
410,swalot,Swalot,Poison,
411,carvanha,Carvanha,Water,Dark
412,sharpedo,Sharpedo,Water,Dark
414,wailmer,Wailmer,Water,
415,wailord,Wailord,Water,
416,numel,Numel,Fire,Ground
417,camerupt,Camerupt,Fire,Ground
419,torkoal,Torkoal,Fire,
420,spoink,Spoink,Psychic,
421,grumpig,Grumpig,Psychic,
422,spinda,Spinda,Normal,
423,trapinch,Trapinch,Ground,
424,vibrava,Vibrava,Ground,Dragon
425,flygon,Flygon,Ground,Dragon
426,cacnea,Cacnea,Grass,
427,cacturne,Cacturne,Grass,Dark
428,swablu,Swablu,Normal,Flying
429,altaria,Altaria,Dragon,Flying
431,zangoose,Zangoose,Normal,
432,seviper,Seviper,Poison,
433,lunatone,Lunatone,Rock,Psychic
434,solrock,Solrock,Rock,Psychic
435,barboach,Barboach,Water,Ground
436,whiscash,Whiscash,Water,Ground
437,corphish,Corphish,Water,
438,crawdaunt,Crawdaunt,Water,Dark
439,baltoy,Baltoy,Ground,Psychic
440,claydol,Claydol,Ground,Psychic
441,lileep,Lileep,Rock,Grass
442,cradily,Cradily,Rock,Grass
443,anorith,Anorith,Rock,Bug
444,armaldo,Armaldo,Rock,Bug
445,feebas,Feebas,Water,
446,milotic,Milotic,Water,
447,castform,Castform,Normal,
448,castformsunny,Castform-Sunny,Fire,
449,castformrainy,Castform-Rainy,Water,
450,castformsnowy,Castform-Snowy,Ice,
451,kecleon,Kecleon,Normal,
452,shuppet,Shuppet,Ghost,
453,banette,Banette,Ghost,
455,duskull,Duskull,Ghost,
456,dusclops,Dusclops,Ghost,
457,tropius,Tropius,Grass,Flying
458,chimecho,Chimecho,Psychic,
459,absol,Absol,Dark,
461,wynaut,Wynaut,Psychic,
462,snorunt,Snorunt,Ice,
463,glalie,Glalie,Ice,
465,spheal,Spheal,Ice,Water
466,sealeo,Sealeo,Ice,Water
467,walrein,Walrein,Ice,Water
468,clamperl,Clamperl,Water,
469,huntail,Huntail,Water,
470,gorebyss,Gorebyss,Water,
471,relicanth,Relicanth,Water,Rock
472,luvdisc,Luvdisc,Water,
473,bagon,Bagon,Dragon,
474,shelgon,Shelgon,Dragon,
475,salamence,Salamence,Dragon,Flying
477,beldum,Beldum,Steel,Psychic
478,metang,Metang,Steel,Psychic
479,metagross,Metagross,Steel,Psychic
481,regirock,Regirock,Rock,
482,regice,Regice,Ice,
483,registeel,Registeel,Steel,
484,latias,Latias,Dragon,Psychic
486,latios,Latios,Dragon,Psychic
488,kyogre,Kyogre,Water,
489,kyogreprimal,Kyogre-Primal,Water,
490,groudon,Groudon,Ground,
491,groudonprimal,Groudon-Primal,Ground,Fire
492,rayquaza,Rayquaza,Dragon,Flying
494,jirachi,Jirachi,Steel,Psychic
495,deoxys,Deoxys,Psychic,
496,deoxysattack,Deoxys-Attack,Psychic,
497,deoxysdefense,Deoxys-Defense,Psychic,
498,deoxysspeed,Deoxys-Speed,Psychic,
499,turtwig,Turtwig,Grass,
500,grotle,Grotle,Grass,
501,torterra,Torterra,Grass,Ground
502,chimchar,Chimchar,Fire,
503,monferno,Monferno,Fire,Fighting
504,infernape,Infernape,Fire,Fighting
505,piplup,Piplup,Water,
506,prinplup,Prinplup,Water,
507,empoleon,Empoleon,Water,Steel
508,starly,Starly,Normal,Flying
509,staravia,Staravia,Normal,Flying
510,staraptor,Staraptor,Normal,Flying
511,bidoof,Bidoof,Normal,
512,bibarel,Bibarel,Normal,Water
513,kricketot,Kricketot,Bug,
514,kricketune,Kricketune,Bug,
515,shinx,Shinx,Electric,
516,luxio,Luxio,Electric,
517,luxray,Luxray,Electric,
518,budew,Budew,Grass,Poison
519,roserade,Roserade,Grass,Poison
520,cranidos,Cranidos,Rock,
521,rampardos,Rampardos,Rock,
522,shieldon,Shieldon,Rock,Steel
523,bastiodon,Bastiodon,Rock,Steel
524,burmy,Burmy,Bug,
525,wormadam,Wormadam,Bug,Grass
526,wormadamsandy,Wormadam-Sandy,Bug,Ground
527,wormadamtrash,Wormadam-Trash,Bug,Steel
528,mothim,Mothim,Bug,Flying
529,combee,Combee,Bug,Flying
530,vespiquen,Vespiquen,Bug,Flying
531,pachirisu,Pachirisu,Electric,
532,buizel,Buizel,Water,
533,floatzel,Floatzel,Water,
534,cherubi,Cherubi,Grass,
535,cherrim,Cherrim,Grass,
536,cherrimsunshine,Cherrim-Sunshine,Grass,
537,shellos,Shellos,Water,
538,gastrodon,Gastrodon,Water,Ground
539,ambipom,Ambipom,Normal,
540,drifloon,Drifloon,Ghost,Flying
541,drifblim,Drifblim,Ghost,Flying
542,buneary,Buneary,Normal,
543,lopunny,Lopunny,Normal,
545,mismagius,Mismagius,Ghost,
546,honchkrow,Honchkrow,Dark,Flying
547,glameow,Glameow,Normal,
548,purugly,Purugly,Normal,
549,chingling,Chingling,Psychic,
550,stunky,Stunky,Poison,Dark
551,skuntank,Skuntank,Poison,Dark
552,bronzor,Bronzor,Steel,Psychic
553,bronzong,Bronzong,Steel,Psychic
554,bonsly,Bonsly,Rock,
555,mimejr,Mime Jr.,Psychic,Fairy
556,happiny,Happiny,Normal,
557,chatot,Chatot,Normal,Flying
558,spiritomb,Spiritomb,Ghost,Dark
559,gible,Gible,Dragon,Ground
560,gabite,Gabite,Dragon,Ground
561,garchomp,Garchomp,Dragon,Ground
563,munchlax,Munchlax,Normal,
564,riolu,Riolu,Fighting,
565,lucario,Lucario,Fighting,Steel
567,hippopotas,Hippopotas,Ground,
568,hippowdon,Hippowdon,Ground,
569,skorupi,Skorupi,Poison,Bug
570,drapion,Drapion,Poison,Dark
571,croagunk,Croagunk,Poison,Fighting
572,toxicroak,Toxicroak,Poison,Fighting
573,carnivine,Carnivine,Grass,
574,finneon,Finneon,Water,
575,lumineon,Lumineon,Water,
576,mantyke,Mantyke,Water,Flying
577,snover,Snover,Grass,Ice
578,abomasnow,Abomasnow,Grass,Ice
580,weavile,Weavile,Dark,Ice
581,magnezone,Magnezone,Electric,Steel
582,lickilicky,Lickilicky,Normal,
583,rhyperior,Rhyperior,Ground,Rock
584,tangrowth,Tangrowth,Grass,
585,electivire,Electivire,Electric,
586,magmortar,Magmortar,Fire,
587,togekiss,Togekiss,Fairy,Flying
588,yanmega,Yanmega,Bug,Flying
589,leafeon,Leafeon,Grass,
590,glaceon,Glaceon,Ice,
591,gliscor,Gliscor,Ground,Flying
592,mamoswine,Mamoswine,Ice,Ground
593,porygonz,Porygon-Z,Normal,
594,gallade,Gallade,Psychic,Fighting
596,probopass,Probopass,Rock,Steel
597,dusknoir,Dusknoir,Ghost,
598,froslass,Froslass,Ice,Ghost
599,rotom,Rotom,Electric,Ghost
600,rotomheat,Rotom-Heat,Electric,Fire
601,rotomwash,Rotom-Wash,Electric,Water
602,rotomfrost,Rotom-Frost,Electric,Ice
603,rotomfan,Rotom-Fan,Electric,Flying
604,rotommow,Rotom-Mow,Electric,Grass
605,uxie,Uxie,Psychic,
606,mesprit,Mesprit,Psychic,
607,azelf,Azelf,Psychic,
608,dialga,Dialga,Steel,Dragon
609,palkia,Palkia,Water,Dragon
610,heatran,Heatran,Fire,Steel
611,regigigas,Regigigas,Normal,
612,giratina,Giratina,Ghost,Dragon
613,giratinaorigin,Giratina-Origin,Ghost,Dragon
614,cresselia,Cresselia,Psychic,
615,phione,Phione,Water,
616,manaphy,Manaphy,Water,
617,darkrai,Darkrai,Dark,
618,shaymin,Shaymin,Grass,
619,shayminsky,Shaymin-Sky,Grass,Flying
620,arceus,Arceus,Normal,
621,arceusbug,Arceus-Bug,Bug,
622,arceusdark,Arceus-Dark,Dark,
623,arceusdragon,Arceus-Dragon,Dragon,
624,arceuselectric,Arceus-Electric,Electric,
625,arceusfairy,Arceus-Fairy,Fairy,
626,arceusfighting,Arceus-Fighting,Fighting,
627,arceusfire,Arceus-Fire,Fire,
628,arceusflying,Arceus-Flying,Flying,
629,arceusghost,Arceus-Ghost,Ghost,
630,arceusgrass,Arceus-Grass,Grass,
631,arceusground,Arceus-Ground,Ground,
632,arceusice,Arceus-Ice,Ice,
633,arceuspoison,Arceus-Poison,Poison,
634,arceuspsychic,Arceus-Psychic,Psychic,
635,arceusrock,Arceus-Rock,Rock,
636,arceussteel,Arceus-Steel,Steel,
637,arceuswater,Arceus-Water,Water,
638,victini,Victini,Psychic,Fire
639,snivy,Snivy,Grass,
640,servine,Servine,Grass,
641,serperior,Serperior,Grass,
642,tepig,Tepig,Fire,
643,pignite,Pignite,Fire,Fighting
644,emboar,Emboar,Fire,Fighting
645,oshawott,Oshawott,Water,
646,dewott,Dewott,Water,
647,samurott,Samurott,Water,
648,patrat,Patrat,Normal,
649,watchog,Watchog,Normal,
650,lillipup,Lillipup,Normal,
651,herdier,Herdier,Normal,
652,stoutland,Stoutland,Normal,
653,purrloin,Purrloin,Dark,
654,liepard,Liepard,Dark,
655,pansage,Pansage,Grass,
656,simisage,Simisage,Grass,
657,pansear,Pansear,Fire,
658,simisear,Simisear,Fire,
659,panpour,Panpour,Water,
660,simipour,Simipour,Water,
661,munna,Munna,Psychic,
662,musharna,Musharna,Psychic,
663,pidove,Pidove,Normal,Flying
664,tranquill,Tranquill,Normal,Flying
665,unfezant,Unfezant,Normal,Flying
666,blitzle,Blitzle,Electric,
667,zebstrika,Zebstrika,Electric,
668,roggenrola,Roggenrola,Rock,
669,boldore,Boldore,Rock,
670,gigalith,Gigalith,Rock,
671,woobat,Woobat,Psychic,Flying
672,swoobat,Swoobat,Psychic,Flying
673,drilbur,Drilbur,Ground,
674,excadrill,Excadrill,Ground,Steel
675,audino,Audino,Normal,
677,timburr,Timburr,Fighting,
678,gurdurr,Gurdurr,Fighting,
679,conkeldurr,Conkeldurr,Fighting,
680,tympole,Tympole,Water,
681,palpitoad,Palpitoad,Water,Ground
682,seismitoad,Seismitoad,Water,Ground
683,throh,Throh,Fighting,
684,sawk,Sawk,Fighting,
685,sewaddle,Sewaddle,Bug,Grass
686,swadloon,Swadloon,Bug,Grass
687,leavanny,Leavanny,Bug,Grass
688,venipede,Venipede,Bug,Poison
689,whirlipede,Whirlipede,Bug,Poison
690,scolipede,Scolipede,Bug,Poison
691,cottonee,Cottonee,Grass,Fairy
692,whimsicott,Whimsicott,Grass,Fairy
693,petilil,Petilil,Grass,
694,lilligant,Lilligant,Grass,
695,basculin,Basculin,Water,
696,basculinbluestriped,Basculin-Blue-Striped,Water,
697,sandile,Sandile,Ground,Dark
698,krokorok,Krokorok,Ground,Dark
699,krookodile,Krookodile,Ground,Dark
700,darumaka,Darumaka,Fire,
701,darumakagalar,Darumaka-Galar,Ice,
702,darmanitan,Darmanitan,Fire,
703,darmanitanzen,Darmanitan-Zen,Fire,Psychic
704,darmanitangalar,Darmanitan-Galar,Ice,
705,darmanitangalarzen,Darmanitan-Galar-Zen,Ice,Fire
706,maractus,Maractus,Grass,
707,dwebble,Dwebble,Bug,Rock
708,crustle,Crustle,Bug,Rock
709,scraggy,Scraggy,Dark,Fighting
710,scrafty,Scrafty,Dark,Fighting
711,sigilyph,Sigilyph,Psychic,Flying
712,yamask,Yamask,Ghost,
713,yamaskgalar,Yamask-Galar,Ground,Ghost
714,cofagrigus,Cofagrigus,Ghost,
715,tirtouga,Tirtouga,Water,Rock
716,carracosta,Carracosta,Water,Rock
717,archen,Archen,Rock,Flying
718,archeops,Archeops,Rock,Flying
719,trubbish,Trubbish,Poison,
720,garbodor,Garbodor,Poison,
722,zorua,Zorua,Dark,
723,zoroark,Zoroark,Dark,
724,minccino,Minccino,Normal,
725,cinccino,Cinccino,Normal,
726,gothita,Gothita,Psychic,
727,gothorita,Gothorita,Psychic,
728,gothitelle,Gothitelle,Psychic,
729,solosis,Solosis,Psychic,
730,duosion,Duosion,Psychic,
731,reuniclus,Reuniclus,Psychic,
732,ducklett,Ducklett,Water,Flying
733,swanna,Swanna,Water,Flying
734,vanillite,Vanillite,Ice,
735,vanillish,Vanillish,Ice,
736,vanilluxe,Vanilluxe,Ice,
737,deerling,Deerling,Normal,Grass
738,sawsbuck,Sawsbuck,Normal,Grass
739,emolga,Emolga,Electric,Flying
740,karrablast,Karrablast,Bug,
741,escavalier,Escavalier,Bug,Steel
742,foongus,Foongus,Grass,Poison
743,amoonguss,Amoonguss,Grass,Poison
744,frillish,Frillish,Water,Ghost
745,jellicent,Jellicent,Water,Ghost
746,alomomola,Alomomola,Water,
747,joltik,Joltik,Bug,Electric
748,galvantula,Galvantula,Bug,Electric
749,ferroseed,Ferroseed,Grass,Steel
750,ferrothorn,Ferrothorn,Grass,Steel
751,klink,Klink,Steel,
752,klang,Klang,Steel,
753,klinklang,Klinklang,Steel,
754,tynamo,Tynamo,Electric,
755,eelektrik,Eelektrik,Electric,
756,eelektross,Eelektross,Electric,
757,elgyem,Elgyem,Psychic,
758,beheeyem,Beheeyem,Psychic,
759,litwick,Litwick,Ghost,Fire
760,lampent,Lampent,Ghost,Fire
761,chandelure,Chandelure,Ghost,Fire
762,axew,Axew,Dragon,
763,fraxure,Fraxure,Dragon,
764,haxorus,Haxorus,Dragon,
765,cubchoo,Cubchoo,Ice,
766,beartic,Beartic,Ice,
767,cryogonal,Cryogonal,Ice,
768,shelmet,Shelmet,Bug,
769,accelgor,Accelgor,Bug,
770,stunfisk,Stunfisk,Ground,Electric
771,stunfiskgalar,Stunfisk-Galar,Ground,Steel
772,mienfoo,Mienfoo,Fighting,
773,mienshao,Mienshao,Fighting,
774,druddigon,Druddigon,Dragon,
775,golett,Golett,Ground,Ghost
776,golurk,Golurk,Ground,Ghost
777,pawniard,Pawniard,Dark,Steel
778,bisharp,Bisharp,Dark,Steel
779,bouffalant,Bouffalant,Normal,
780,rufflet,Rufflet,Normal,Flying
781,braviary,Braviary,Normal,Flying
782,vullaby,Vullaby,Dark,Flying
783,mandibuzz,Mandibuzz,Dark,Flying
784,heatmor,Heatmor,Fire,
785,durant,Durant,Bug,Steel
786,deino,Deino,Dark,Dragon
787,zweilous,Zweilous,Dark,Dragon
788,hydreigon,Hydreigon,Dark,Dragon
789,larvesta,Larvesta,Bug,Fire
790,volcarona,Volcarona,Bug,Fire
791,cobalion,Cobalion,Steel,Fighting
792,terrakion,Terrakion,Rock,Fighting
793,virizion,Virizion,Grass,Fighting
794,tornadus,Tornadus,Flying,
795,tornadustherian,Tornadus-Therian,Flying,
796,thundurus,Thundurus,Electric,Flying
797,thundurustherian,Thundurus-Therian,Electric,Flying
798,reshiram,Reshiram,Dragon,Fire
799,zekrom,Zekrom,Dragon,Electric
800,landorus,Landorus,Ground,Flying
801,landorustherian,Landorus-Therian,Ground,Flying
802,kyurem,Kyurem,Dragon,Ice
803,kyuremblack,Kyurem-Black,Dragon,Ice
804,kyuremwhite,Kyurem-White,Dragon,Ice
805,keldeo,Keldeo,Water,Fighting
806,keldeoresolute,Keldeo-Resolute,Water,Fighting
807,meloetta,Meloetta,Normal,Psychic
808,meloettapirouette,Meloetta-Pirouette,Normal,Fighting
809,genesect,Genesect,Bug,Steel
810,genesectdouse,Genesect-Douse,Bug,Steel
811,genesectshock,Genesect-Shock,Bug,Steel
812,genesectburn,Genesect-Burn,Bug,Steel
813,genesectchill,Genesect-Chill,Bug,Steel
814,chespin,Chespin,Grass,
815,quilladin,Quilladin,Grass,
816,chesnaught,Chesnaught,Grass,Fighting
817,fennekin,Fennekin,Fire,
818,braixen,Braixen,Fire,
819,delphox,Delphox,Fire,Psychic
820,froakie,Froakie,Water,
821,frogadier,Frogadier,Water,
822,greninja,Greninja,Water,Dark
823,greninjaash,Greninja-Ash,Water,Dark
824,bunnelby,Bunnelby,Normal,
825,diggersby,Diggersby,Normal,Ground
826,fletchling,Fletchling,Normal,Flying
827,fletchinder,Fletchinder,Fire,Flying
828,talonflame,Talonflame,Fire,Flying
829,scatterbug,Scatterbug,Bug,
830,spewpa,Spewpa,Bug,
831,vivillon,Vivillon,Bug,Flying
832,vivillonfancy,Vivillon-Fancy,Bug,Flying
833,vivillonpokeball,Vivillon-Pokeball,Bug,Flying
834,litleo,Litleo,Fire,Normal
835,pyroar,Pyroar,Fire,Normal
836,flabebe,Flabébé,Fairy,
837,floette,Floette,Fairy,
838,floetteeternal,Floette-Eternal,Fairy,
839,florges,Florges,Fairy,
840,skiddo,Skiddo,Grass,
841,gogoat,Gogoat,Grass,
842,pancham,Pancham,Fighting,
843,pangoro,Pangoro,Fighting,Dark
844,furfrou,Furfrou,Normal,
845,espurr,Espurr,Psychic,
846,meowstic,Meowstic,Psychic,
847,meowsticf,Meowstic-F,Psychic,
848,honedge,Honedge,Steel,Ghost
849,doublade,Doublade,Steel,Ghost
850,aegislash,Aegislash,Steel,Ghost
851,aegislashblade,Aegislash-Blade,Steel,Ghost
852,spritzee,Spritzee,Fairy,
853,aromatisse,Aromatisse,Fairy,
854,swirlix,Swirlix,Fairy,
855,slurpuff,Slurpuff,Fairy,
856,inkay,Inkay,Dark,Psychic
857,malamar,Malamar,Dark,Psychic
858,binacle,Binacle,Rock,Water
859,barbaracle,Barbaracle,Rock,Water
860,skrelp,Skrelp,Poison,Water
861,dragalge,Dragalge,Poison,Dragon
862,clauncher,Clauncher,Water,
863,clawitzer,Clawitzer,Water,
864,helioptile,Helioptile,Electric,Normal
865,heliolisk,Heliolisk,Electric,Normal
866,tyrunt,Tyrunt,Rock,Dragon
867,tyrantrum,Tyrantrum,Rock,Dragon
868,amaura,Amaura,Rock,Ice
869,aurorus,Aurorus,Rock,Ice
870,sylveon,Sylveon,Fairy,
871,hawlucha,Hawlucha,Fighting,Flying
872,dedenne,Dedenne,Electric,Fairy
873,carbink,Carbink,Rock,Fairy
874,goomy,Goomy,Dragon,
875,sliggoo,Sliggoo,Dragon,
876,goodra,Goodra,Dragon,
877,klefki,Klefki,Steel,Fairy
878,phantump,Phantump,Ghost,Grass
879,trevenant,Trevenant,Ghost,Grass
880,pumpkaboo,Pumpkaboo,Ghost,Grass
881,pumpkaboosmall,Pumpkaboo-Small,Ghost,Grass
882,pumpkaboolarge,Pumpkaboo-Large,Ghost,Grass
883,pumpkaboosuper,Pumpkaboo-Super,Ghost,Grass
884,gourgeist,Gourgeist,Ghost,Grass
885,gourgeistsmall,Gourgeist-Small,Ghost,Grass
886,gourgeistlarge,Gourgeist-Large,Ghost,Grass
887,gourgeistsuper,Gourgeist-Super,Ghost,Grass
888,bergmite,Bergmite,Ice,
889,avalugg,Avalugg,Ice,
890,noibat,Noibat,Flying,Dragon
891,noivern,Noivern,Flying,Dragon
892,xerneas,Xerneas,Fairy,
893,xerneasneutral,Xerneas-Neutral,Fairy,
894,yveltal,Yveltal,Dark,Flying
895,zygarde,Zygarde,Dragon,Ground
896,zygarde10,Zygarde-10%,Dragon,Ground
897,zygardecomplete,Zygarde-Complete,Dragon,Ground
898,diancie,Diancie,Rock,Fairy
900,hoopa,Hoopa,Psychic,Ghost
901,hoopaunbound,Hoopa-Unbound,Psychic,Dark
902,volcanion,Volcanion,Fire,Water
903,rowlet,Rowlet,Grass,Flying
904,dartrix,Dartrix,Grass,Flying
905,decidueye,Decidueye,Grass,Ghost
906,litten,Litten,Fire,
907,torracat,Torracat,Fire,
908,incineroar,Incineroar,Fire,Dark
909,popplio,Popplio,Water,
910,brionne,Brionne,Water,
911,primarina,Primarina,Water,Fairy
912,pikipek,Pikipek,Normal,Flying
913,trumbeak,Trumbeak,Normal,Flying
914,toucannon,Toucannon,Normal,Flying
915,yungoos,Yungoos,Normal,
916,gumshoos,Gumshoos,Normal,
917,gumshoostotem,Gumshoos-Totem,Normal,
918,grubbin,Grubbin,Bug,
919,charjabug,Charjabug,Bug,Electric
920,vikavolt,Vikavolt,Bug,Electric
921,vikavolttotem,Vikavolt-Totem,Bug,Electric
922,crabrawler,Crabrawler,Fighting,
923,crabominable,Crabominable,Fighting,Ice
924,oricorio,Oricorio,Fire,Flying
925,oricoriopompom,Oricorio-Pom-Pom,Electric,Flying
926,oricoriopau,Oricorio-Pa'u,Psychic,Flying
927,oricoriosensu,Oricorio-Sensu,Ghost,Flying
928,cutiefly,Cutiefly,Bug,Fairy
929,ribombee,Ribombee,Bug,Fairy
930,ribombeetotem,Ribombee-Totem,Bug,Fairy
931,rockruff,Rockruff,Rock,
932,lycanroc,Lycanroc,Rock,
933,lycanrocmidnight,Lycanroc-Midnight,Rock,
934,lycanrocdusk,Lycanroc-Dusk,Rock,
935,wishiwashi,Wishiwashi,Water,
936,wishiwashischool,Wishiwashi-School,Water,
937,mareanie,Mareanie,Poison,Water
938,toxapex,Toxapex,Poison,Water
939,mudbray,Mudbray,Ground,
940,mudsdale,Mudsdale,Ground,
941,dewpider,Dewpider,Water,Bug
942,araquanid,Araquanid,Water,Bug
943,araquanidtotem,Araquanid-Totem,Water,Bug
944,fomantis,Fomantis,Grass,
945,lurantis,Lurantis,Grass,
946,lurantistotem,Lurantis-Totem,Grass,
947,morelull,Morelull,Grass,Fairy
948,shiinotic,Shiinotic,Grass,Fairy
949,salandit,Salandit,Poison,Fire
950,salazzle,Salazzle,Poison,Fire
951,salazzletotem,Salazzle-Totem,Poison,Fire
952,stufful,Stufful,Normal,Fighting
953,bewear,Bewear,Normal,Fighting
954,bounsweet,Bounsweet,Grass,
955,steenee,Steenee,Grass,
956,tsareena,Tsareena,Grass,
957,comfey,Comfey,Fairy,
958,oranguru,Oranguru,Normal,Psychic
959,passimian,Passimian,Fighting,
960,wimpod,Wimpod,Bug,Water
961,golisopod,Golisopod,Bug,Water
962,sandygast,Sandygast,Ghost,Ground
963,palossand,Palossand,Ghost,Ground
964,pyukumuku,Pyukumuku,Water,
965,typenull,Type: Null,Normal,
966,silvally,Silvally,Normal,
967,silvallybug,Silvally-Bug,Bug,
968,silvallydark,Silvally-Dark,Dark,
969,silvallydragon,Silvally-Dragon,Dragon,
970,silvallyelectric,Silvally-Electric,Electric,
971,silvallyfairy,Silvally-Fairy,Fairy,
972,silvallyfighting,Silvally-Fighting,Fighting,
973,silvallyfire,Silvally-Fire,Fire,
974,silvallyflying,Silvally-Flying,Flying,
975,silvallyghost,Silvally-Ghost,Ghost,
976,silvallygrass,Silvally-Grass,Grass,
977,silvallyground,Silvally-Ground,Ground,
978,silvallyice,Silvally-Ice,Ice,
979,silvallypoison,Silvally-Poison,Poison,
980,silvallypsychic,Silvally-Psychic,Psychic,
981,silvallyrock,Silvally-Rock,Rock,
982,silvallysteel,Silvally-Steel,Steel,
983,silvallywater,Silvally-Water,Water,
984,minior,Minior,Rock,Flying
985,miniormeteor,Minior-Meteor,Rock,Flying
986,komala,Komala,Normal,
987,turtonator,Turtonator,Fire,Dragon
988,togedemaru,Togedemaru,Electric,Steel
989,togedemarutotem,Togedemaru-Totem,Electric,Steel
990,mimikyu,Mimikyu,Ghost,Fairy
991,mimikyubusted,Mimikyu-Busted,Ghost,Fairy
992,mimikyutotem,Mimikyu-Totem,Ghost,Fairy
993,mimikyubustedtotem,Mimikyu-Busted-Totem,Ghost,Fairy
994,bruxish,Bruxish,Water,Psychic
995,drampa,Drampa,Normal,Dragon
996,dhelmise,Dhelmise,Ghost,Grass
997,jangmoo,Jangmo-o,Dragon,
998,hakamoo,Hakamo-o,Dragon,Fighting
999,kommoo,Kommo-o,Dragon,Fighting
1000,kommoototem,Kommo-o-Totem,Dragon,Fighting
1001,tapukoko,Tapu Koko,Electric,Fairy
1002,tapulele,Tapu Lele,Psychic,Fairy
1003,tapubulu,Tapu Bulu,Grass,Fairy
1004,tapufini,Tapu Fini,Water,Fairy
1005,cosmog,Cosmog,Psychic,
1006,cosmoem,Cosmoem,Psychic,
1007,solgaleo,Solgaleo,Psychic,Steel
1008,lunala,Lunala,Psychic,Ghost
1009,nihilego,Nihilego,Rock,Poison
1010,buzzwole,Buzzwole,Bug,Fighting
1011,pheromosa,Pheromosa,Bug,Fighting
1012,xurkitree,Xurkitree,Electric,
1013,celesteela,Celesteela,Steel,Flying
1014,kartana,Kartana,Grass,Steel
1015,guzzlord,Guzzlord,Dark,Dragon
1016,necrozma,Necrozma,Psychic,
1017,necrozmaduskmane,Necrozma-Dusk-Mane,Psychic,Steel
1018,necrozmadawnwings,Necrozma-Dawn-Wings,Psychic,Ghost
1019,necrozmaultra,Necrozma-Ultra,Psychic,Dragon
1020,magearna,Magearna,Steel,Fairy
1021,magearnaoriginal,Magearna-Original,Steel,Fairy
1022,marshadow,Marshadow,Fighting,Ghost
1023,poipole,Poipole,Poison,
1024,naganadel,Naganadel,Poison,Dragon
1025,stakataka,Stakataka,Rock,Steel
1026,blacephalon,Blacephalon,Fire,Ghost
1027,zeraora,Zeraora,Electric,
1028,meltan,Meltan,Steel,
1029,melmetal,Melmetal,Steel,
1031,grookey,Grookey,Grass,
1032,thwackey,Thwackey,Grass,
1033,rillaboom,Rillaboom,Grass,
1035,scorbunny,Scorbunny,Fire,
1036,raboot,Raboot,Fire,
1037,cinderace,Cinderace,Fire,
1039,sobble,Sobble,Water,
1040,drizzile,Drizzile,Water,
1041,inteleon,Inteleon,Water,
1043,skwovet,Skwovet,Normal,
1044,greedent,Greedent,Normal,
1045,rookidee,Rookidee,Flying,
1046,corvisquire,Corvisquire,Flying,
1047,corviknight,Corviknight,Flying,Steel
1049,blipbug,Blipbug,Bug,
1050,dottler,Dottler,Bug,Psychic
1051,orbeetle,Orbeetle,Bug,Psychic
1053,nickit,Nickit,Dark,
1054,thievul,Thievul,Dark,
1055,gossifleur,Gossifleur,Grass,
1056,eldegoss,Eldegoss,Grass,
1057,wooloo,Wooloo,Normal,
1058,dubwool,Dubwool,Normal,
1059,chewtle,Chewtle,Water,
1060,drednaw,Drednaw,Water,Rock
1062,yamper,Yamper,Electric,
1063,boltund,Boltund,Electric,
1064,rolycoly,Rolycoly,Rock,
1065,carkol,Carkol,Rock,Fire
1066,coalossal,Coalossal,Rock,Fire
1068,applin,Applin,Grass,Dragon
1069,flapple,Flapple,Grass,Dragon
1071,appletun,Appletun,Grass,Dragon
1073,silicobra,Silicobra,Ground,
1074,sandaconda,Sandaconda,Ground,
1076,cramorant,Cramorant,Flying,Water
1077,cramorantgulping,Cramorant-Gulping,Flying,Water
1078,cramorantgorging,Cramorant-Gorging,Flying,Water
1079,arrokuda,Arrokuda,Water,
1080,barraskewda,Barraskewda,Water,
1081,toxel,Toxel,Electric,Poison
1082,toxtricity,Toxtricity,Electric,Poison
1083,toxtricitylowkey,Toxtricity-Low-Key,Electric,Poison
1086,sizzlipede,Sizzlipede,Fire,Bug
1087,centiskorch,Centiskorch,Fire,Bug
1089,clobbopus,Clobbopus,Fighting,
1090,grapploct,Grapploct,Fighting,
1091,sinistea,Sinistea,Ghost,
1092,sinisteaantique,Sinistea-Antique,Ghost,
1093,polteageist,Polteageist,Ghost,
1094,polteageistantique,Polteageist-Antique,Ghost,
1095,hatenna,Hatenna,Psychic,
1096,hattrem,Hattrem,Psychic,
1097,hatterene,Hatterene,Psychic,Fairy
1099,impidimp,Impidimp,Dark,Fairy
1100,morgrem,Morgrem,Dark,Fairy
1101,grimmsnarl,Grimmsnarl,Dark,Fairy
1103,obstagoon,Obstagoon,Dark,Normal
1104,perrserker,Perrserker,Steel,
1105,cursola,Cursola,Ghost,
1106,sirfetchd,Sirfetch’d,Fighting,
1107,mrrime,Mr. Rime,Ice,Psychic
1108,runerigus,Runerigus,Ground,Ghost
1109,milcery,Milcery,Fairy,
1110,alcremie,Alcremie,Fairy,
1112,falinks,Falinks,Fighting,
1113,pincurchin,Pincurchin,Electric,
1114,snom,Snom,Ice,Bug
1115,frosmoth,Frosmoth,Ice,Bug
1116,stonjourner,Stonjourner,Rock,
1117,eiscue,Eiscue,Ice,
1118,eiscuenoice,Eiscue-Noice,Ice,
1119,indeedee,Indeedee,Psychic,Normal
1120,indeedeef,Indeedee-F,Psychic,Normal
1121,morpeko,Morpeko,Electric,Dark
1122,morpekohangry,Morpeko-Hangry,Electric,Dark
1123,cufant,Cufant,Steel,
1124,copperajah,Copperajah,Steel,
1126,dracozolt,Dracozolt,Electric,Dragon
1127,arctozolt,Arctozolt,Electric,Ice
1128,dracovish,Dracovish,Water,Dragon
1129,arctovish,Arctovish,Water,Ice
1130,duraludon,Duraludon,Steel,Dragon
1132,dreepy,Dreepy,Dragon,Ghost
1133,drakloak,Drakloak,Dragon,Ghost
1134,dragapult,Dragapult,Dragon,Ghost
1135,zacian,Zacian,Fairy,
1136,zaciancrowned,Zacian-Crowned,Fairy,Steel
1137,zamazenta,Zamazenta,Fighting,
1138,zamazentacrowned,Zamazenta-Crowned,Fighting,Steel
1139,eternatus,Eternatus,Poison,Dragon
1140,eternatuseternamax,Eternatus-Eternamax,Poison,Dragon
1141,kubfu,Kubfu,Fighting,
1142,urshifu,Urshifu,Fighting,Dark
1143,urshifurapidstrike,Urshifu-Rapid-Strike,Fighting,Water
1146,zarude,Zarude,Dark,Grass
1147,zarudedada,Zarude-Dada,Dark,Grass
1148,regieleki,Regieleki,Electric,
1149,regidrago,Regidrago,Dragon,
1150,glastrier,Glastrier,Ice,
1151,spectrier,Spectrier,Ghost,
1152,calyrex,Calyrex,Psychic,Grass
1153,calyrexice,Calyrex-Ice,Psychic,Ice
1154,calyrexshadow,Calyrex-Shadow,Psychic,Ghost
